Canadian Interest Rates,,
,,
,,
Daily series: 2011-11-04 - 2021-06-30,,
V39079 = Target for the overnight rate,,
,,
Summary,Date,V39079
Low,30/6/2021,0.25
High,3/3/2020,1.75
Average,2011-11-04 - 2021-06-30,0.92
,,
Date,V39079,
30/6/2021,0.25,
29/6/2021,0.25,
28/6/2021,0.25,
25/6/2021,0.25,
24/6/2021,0.25,
23/6/2021,0.25,
22/6/2021,0.25,
21/6/2021,0.25,
18/6/2021,0.25,
17/6/2021,0.25,
16/6/2021,0.25,
15/6/2021,0.25,
14/6/2021,0.25,
11/6/2021,0.25,
10/6/2021,0.25,
9/6/2021,0.25,
8/6/2021,0.25,
7/6/2021,0.25,
4/6/2021,0.25,
3/6/2021,0.25,
2/6/2021,0.25,
1/6/2021,0.25,
31/5/2021,0.25,
28/5/2021,0.25,
27/5/2021,0.25,
26/5/2021,0.25,
25/5/2021,0.25,
24/5/2021,0.25,
21/5/2021,0.25,
20/5/2021,0.25,
19/5/2021,0.25,
18/5/2021,0.25,
17/5/2021,0.25,
14/5/2021,0.25,
13/5/2021,0.25,
12/5/2021,0.25,
11/5/2021,0.25,
10/5/2021,0.25,
7/5/2021,0.25,
6/5/2021,0.25,
5/5/2021,0.25,
4/5/2021,0.25,
3/5/2021,0.25,
30/4/2021,0.25,
29/4/2021,0.25,
28/4/2021,0.25,
27/4/2021,0.25,
26/4/2021,0.25,
23/4/2021,0.25,
22/4/2021,0.25,
21/4/2021,0.25,
20/4/2021,0.25,
19/4/2021,0.25,
16/4/2021,0.25,
15/4/2021,0.25,
14/4/2021,0.25,
13/4/2021,0.25,
12/4/2021,0.25,
9/4/2021,0.25,
8/4/2021,0.25,
7/4/2021,0.25,
6/4/2021,0.25,
5/4/2021,0.25,
2/4/2021,0.25,
1/4/2021,0.25,
31/3/2021,0.25,
30/3/2021,0.25,
29/3/2021,0.25,
26/3/2021,0.25,
25/3/2021,0.25,
24/3/2021,0.25,
23/3/2021,0.25,
22/3/2021,0.25,
19/3/2021,0.25,
18/3/2021,0.25,
17/3/2021,0.25,
16/3/2021,0.25,
15/3/2021,0.25,
12/3/2021,0.25,
11/3/2021,0.25,
10/3/2021,0.25,
9/3/2021,0.25,
8/3/2021,0.25,
5/3/2021,0.25,
4/3/2021,0.25,
3/3/2021,0.25,
2/3/2021,0.25,
1/3/2021,0.25,
26/2/2021,0.25,
25/2/2021,0.25,
24/2/2021,0.25,
23/2/2021,0.25,
22/2/2021,0.25,
19/2/2021,0.25,
18/2/2021,0.25,
17/2/2021,0.25,
16/2/2021,0.25,
15/2/2021,0.25,
12/2/2021,0.25,
11/2/2021,0.25,
10/2/2021,0.25,
9/2/2021,0.25,
8/2/2021,0.25,
5/2/2021,0.25,
4/2/2021,0.25,
3/2/2021,0.25,
2/2/2021,0.25,
1/2/2021,0.25,
29/1/2021,0.25,
28/1/2021,0.25,
27/1/2021,0.25,
26/1/2021,0.25,
25/1/2021,0.25,
22/1/2021,0.25,
21/1/2021,0.25,
20/1/2021,0.25,
19/1/2021,0.25,
18/1/2021,0.25,
15/1/2021,0.25,
14/1/2021,0.25,
13/1/2021,0.25,
12/1/2021,0.25,
11/1/2021,0.25,
8/1/2021,0.25,
7/1/2021,0.25,
6/1/2021,0.25,
5/1/2021,0.25,
4/1/2021,0.25,
1/1/2021,0.25,
31/12/2020,0.25,
30/12/2020,0.25,
29/12/2020,0.25,
28/12/2020, Bank holiday,
25/12/2020,0.25,
24/12/2020,0.25,
23/12/2020,0.25,
22/12/2020,0.25,
21/12/2020,0.25,
18/12/2020,0.25,
17/12/2020,0.25,
16/12/2020,0.25,
15/12/2020,0.25,
14/12/2020,0.25,
11/12/2020,0.25,
10/12/2020,0.25,
9/12/2020,0.25,
8/12/2020,0.25,
7/12/2020,0.25,
4/12/2020,0.25,
3/12/2020,0.25,
2/12/2020,0.25,
1/12/2020,0.25,
30/11/2020,0.25,
27/11/2020,0.25,
26/11/2020,0.25,
25/11/2020,0.25,
24/11/2020,0.25,
23/11/2020,0.25,
20/11/2020,0.25,
19/11/2020,0.25,
18/11/2020,0.25,
17/11/2020,0.25,
16/11/2020,0.25,
13/11/2020,0.25,
12/11/2020,0.25,
11/11/2020,0.25,
10/11/2020,0.25,
9/11/2020,0.25,
6/11/2020,0.25,
5/11/2020,0.25,
4/11/2020,0.25,
3/11/2020,0.25,
2/11/2020,0.25,
30/10/2020,0.25,
29/10/2020,0.25,
28/10/2020,0.25,
27/10/2020,0.25,
26/10/2020,0.25,
23/10/2020,0.25,
22/10/2020,0.25,
21/10/2020,0.25,
20/10/2020,0.25,
19/10/2020,0.25,
16/10/2020,0.25,
15/10/2020,0.25,
14/10/2020,0.25,
13/10/2020,0.25,
12/10/2020,0.25,
9/10/2020,0.25,
8/10/2020,0.25,
7/10/2020,0.25,
6/10/2020,0.25,
5/10/2020,0.25,
2/10/2020,0.25,
1/10/2020,0.25,
30/9/2020,0.25,
29/9/2020,0.25,
28/9/2020,0.25,
25/9/2020,0.25,
24/9/2020,0.25,
23/9/2020,0.25,
22/9/2020,0.25,
21/9/2020,0.25,
18/9/2020,0.25,
17/9/2020,0.25,
16/9/2020,0.25,
15/9/2020,0.25,
14/9/2020,0.25,
11/9/2020,0.25,
10/9/2020,0.25,
9/9/2020,0.25,
8/9/2020,0.25,
7/9/2020,0.25,
4/9/2020,0.25,
3/9/2020,0.25,
2/9/2020,0.25,
1/9/2020,0.25,
31/8/2020,0.25,
28/8/2020,0.25,
27/8/2020,0.25,
26/8/2020,0.25,
25/8/2020,0.25,
24/8/2020,0.25,
21/8/2020,0.25,
20/8/2020,0.25,
19/8/2020,0.25,
18/8/2020,0.25,
17/8/2020,0.25,
14/8/2020,0.25,
13/8/2020,0.25,
12/8/2020,0.25,
11/8/2020,0.25,
10/8/2020,0.25,
7/8/2020,0.25,
6/8/2020,0.25,
5/8/2020,0.25,
4/8/2020,0.25,
3/8/2020,0.25,
31/7/2020,0.25,
30/7/2020,0.25,
29/7/2020,0.25,
28/7/2020,0.25,
27/7/2020,0.25,
24/7/2020,0.25,
23/7/2020,0.25,
22/7/2020,0.25,
21/7/2020,0.25,
20/7/2020,0.25,
17/7/2020,0.25,
16/7/2020,0.25,
15/7/2020,0.25,
14/7/2020,0.25,
13/7/2020,0.25,
10/7/2020,0.25,
9/7/2020,0.25,
8/7/2020,0.25,
7/7/2020,0.25,
6/7/2020,0.25,
3/7/2020,0.25,
2/7/2020,0.25,
1/7/2020,0.25,
30/6/2020,0.25,
29/6/2020,0.25,
26/6/2020,0.25,
25/6/2020,0.25,
24/6/2020,0.25,
23/6/2020,0.25,
22/6/2020,0.25,
19/6/2020,0.25,
18/6/2020,0.25,
17/6/2020,0.25,
16/6/2020,0.25,
15/6/2020,0.25,
12/6/2020,0.25,
11/6/2020,0.25,
10/6/2020,0.25,
9/6/2020,0.25,
8/6/2020,0.25,
5/6/2020,0.25,
4/6/2020,0.25,
3/6/2020,0.25,
2/6/2020,0.25,
1/6/2020,0.25,
29/5/2020,0.25,
28/5/2020,0.25,
27/5/2020,0.25,
26/5/2020,0.25,
25/5/2020,0.25,
22/5/2020,0.25,
21/5/2020,0.25,
20/5/2020,0.25,
19/5/2020,0.25,
18/5/2020,0.25,
15/5/2020,0.25,
14/5/2020,0.25,
13/5/2020,0.25,
12/5/2020,0.25,
11/5/2020,0.25,
8/5/2020,0.25,
7/5/2020,0.25,
6/5/2020,0.25,
5/5/2020,0.25,
4/5/2020,0.25,
1/5/2020,0.25,
30/4/2020,0.25,
29/4/2020,0.25,
28/4/2020,0.25,
27/4/2020,0.25,
24/4/2020,0.25,
23/4/2020,0.25,
22/4/2020,0.25,
21/4/2020,0.25,
20/4/2020,0.25,
17/4/2020,0.25,
16/4/2020,0.25,
15/4/2020,0.25,
14/4/2020,0.25,
13/4/2020,0.25,
10/4/2020,0.25,
9/4/2020,0.25,
8/4/2020,0.25,
7/4/2020,0.25,
6/4/2020,0.25,
3/4/2020,0.25,
2/4/2020,0.25,
1/4/2020,0.25,
31/3/2020,0.25,
30/3/2020,0.25,
27/3/2020,0.25,
26/3/2020,0.75,
25/3/2020,0.75,
24/3/2020,0.75,
23/3/2020,0.75,
20/3/2020,0.75,
19/3/2020,0.75,
18/3/2020,0.75,
17/3/2020,0.75,
16/3/2020,0.75,
13/3/2020,1.25,
12/3/2020,1.25,
11/3/2020,1.25,
10/3/2020,1.25,
9/3/2020,1.25,
6/3/2020,1.25,
5/3/2020,1.25,
4/3/2020,1.25,
3/3/2020,1.75,
2/3/2020,1.75,
28/2/2020,1.75,
27/2/2020,1.75,
26/2/2020,1.75,
25/2/2020,1.75,
24/2/2020,1.75,
21/2/2020,1.75,
20/2/2020,1.75,
19/2/2020,1.75,
18/2/2020,1.75,
17/2/2020,1.75,
14/2/2020,1.75,
13/2/2020,1.75,
12/2/2020,1.75,
11/2/2020,1.75,
10/2/2020,1.75,
7/2/2020,1.75,
6/2/2020,1.75,
5/2/2020,1.75,
4/2/2020,1.75,
3/2/2020,1.75,
31/1/2020,1.75,
30/1/2020,1.75,
29/1/2020,1.75,
28/1/2020,1.75,
27/1/2020,1.75,
24/1/2020,1.75,
23/1/2020,1.75,
22/1/2020,1.75,
21/1/2020,1.75,
20/1/2020,1.75,
17/1/2020,1.75,
16/1/2020,1.75,
15/1/2020,1.75,
14/1/2020,1.75,
13/1/2020,1.75,
10/1/2020,1.75,
9/1/2020,1.75,
8/1/2020,1.75,
7/1/2020,1.75,
6/1/2020,1.75,
3/1/2020,1.75,
2/1/2020,1.75,
1/1/2020,1.75,
31/12/2019,1.75,
30/12/2019,1.75,
27/12/2019,1.75,
26/12/2019,1.75,
25/12/2019,1.75,
24/12/2019,1.75,
23/12/2019,1.75,
20/12/2019,1.75,
19/12/2019,1.75,
18/12/2019,1.75,
17/12/2019,1.75,
16/12/2019,1.75,
13/12/2019,1.75,
12/12/2019,1.75,
11/12/2019,1.75,
10/12/2019,1.75,
9/12/2019,1.75,
6/12/2019,1.75,
5/12/2019,1.75,
4/12/2019,1.75,
3/12/2019,1.75,
2/12/2019,1.75,
29/11/2019,1.75,
28/11/2019,1.75,
27/11/2019,1.75,
26/11/2019,1.75,
25/11/2019,1.75,
22/11/2019,1.75,
21/11/2019,1.75,
20/11/2019,1.75,
19/11/2019,1.75,
18/11/2019,1.75,
15/11/2019,1.75,
14/11/2019,1.75,
13/11/2019,1.75,
12/11/2019,1.75,
11/11/2019,1.75,
8/11/2019,1.75,
7/11/2019,1.75,
6/11/2019,1.75,
5/11/2019,1.75,
4/11/2019,1.75,
1/11/2019,1.75,
31/10/2019,1.75,
30/10/2019,1.75,
29/10/2019,1.75,
28/10/2019,1.75,
25/10/2019,1.75,
24/10/2019,1.75,
23/10/2019,1.75,
22/10/2019,1.75,
21/10/2019,1.75,
18/10/2019,1.75,
17/10/2019,1.75,
16/10/2019,1.75,
15/10/2019,1.75,
14/10/2019,1.75,
11/10/2019,1.75,
10/10/2019,1.75,
9/10/2019,1.75,
8/10/2019,1.75,
7/10/2019,1.75,
4/10/2019,1.75,
3/10/2019,1.75,
2/10/2019,1.75,
1/10/2019,1.75,
30/9/2019,1.75,
27/9/2019,1.75,
26/9/2019,1.75,
25/9/2019,1.75,
24/9/2019,1.75,
23/9/2019,1.75,
20/9/2019,1.75,
19/9/2019,1.75,
18/9/2019,1.75,
17/9/2019,1.75,
16/9/2019,1.75,
13/9/2019,1.75,
12/9/2019,1.75,
11/9/2019,1.75,
10/9/2019,1.75,
9/9/2019,1.75,
6/9/2019,1.75,
5/9/2019,1.75,
4/9/2019,1.75,
3/9/2019,1.75,
2/9/2019,1.75,
30/8/2019,1.75,
29/8/2019,1.75,
28/8/2019,1.75,
27/8/2019,1.75,
26/8/2019,1.75,
23/8/2019,1.75,
22/8/2019,1.75,
21/8/2019,1.75,
20/8/2019,1.75,
19/8/2019,1.75,
16/8/2019,1.75,
15/8/2019,1.75,
14/8/2019,1.75,
13/8/2019,1.75,
12/8/2019,1.75,
9/8/2019,1.75,
8/8/2019,1.75,
7/8/2019,1.75,
6/8/2019,1.75,
5/8/2019,1.75,
2/8/2019,1.75,
1/8/2019,1.75,
31/7/2019,1.75,
30/7/2019,1.75,
29/7/2019,1.75,
26/7/2019,1.75,
25/7/2019,1.75,
24/7/2019,1.75,
23/7/2019,1.75,
22/7/2019,1.75,
19/7/2019,1.75,
18/7/2019,1.75,
17/7/2019,1.75,
16/7/2019,1.75,
15/7/2019,1.75,
12/7/2019,1.75,
11/7/2019,1.75,
10/7/2019,1.75,
9/7/2019,1.75,
8/7/2019,1.75,
5/7/2019,1.75,
4/7/2019,1.75,
3/7/2019,1.75,
2/7/2019,1.75,
1/7/2019,1.75,
28/6/2019,1.75,
27/6/2019,1.75,
26/6/2019,1.75,
25/6/2019,1.75,
24/6/2019,1.75,
21/6/2019,1.75,
20/6/2019,1.75,
19/6/2019,1.75,
18/6/2019,1.75,
17/6/2019,1.75,
14/6/2019,1.75,
13/6/2019,1.75,
12/6/2019,1.75,
11/6/2019,1.75,
10/6/2019,1.75,
7/6/2019,1.75,
6/6/2019,1.75,
5/6/2019,1.75,
4/6/2019,1.75,
3/6/2019,1.75,
31/5/2019,1.75,
30/5/2019,1.75,
29/5/2019,1.75,
28/5/2019,1.75,
27/5/2019,1.75,
24/5/2019,1.75,
23/5/2019,1.75,
22/5/2019,1.75,
21/5/2019,1.75,
20/5/2019,1.75,
17/5/2019,1.75,
16/5/2019,1.75,
15/5/2019,1.75,
14/5/2019,1.75,
13/5/2019,1.75,
10/5/2019,1.75,
9/5/2019,1.75,
8/5/2019,1.75,
7/5/2019,1.75,
6/5/2019,1.75,
3/5/2019,1.75,
2/5/2019,1.75,
1/5/2019,1.75,
30/4/2019,1.75,
29/4/2019,1.75,
26/4/2019,1.75,
25/4/2019,1.75,
24/4/2019,1.75,
23/4/2019,1.75,
22/4/2019,1.75,
19/4/2019,1.75,
18/4/2019,1.75,
17/4/2019,1.75,
16/4/2019,1.75,
15/4/2019,1.75,
12/4/2019,1.75,
11/4/2019,1.75,
10/4/2019,1.75,
9/4/2019,1.75,
8/4/2019,1.75,
5/4/2019,1.75,
4/4/2019,1.75,
3/4/2019,1.75,
2/4/2019,1.75,
1/4/2019,1.75,
29/3/2019,1.75,
28/3/2019,1.75,
27/3/2019,1.75,
26/3/2019,1.75,
25/3/2019,1.75,
22/3/2019,1.75,
21/3/2019,1.75,
20/3/2019,1.75,
19/3/2019,1.75,
18/3/2019,1.75,
15/3/2019,1.75,
14/3/2019,1.75,
13/3/2019,1.75,
12/3/2019,1.75,
11/3/2019,1.75,
8/3/2019,1.75,
7/3/2019,1.75,
6/3/2019,1.75,
5/3/2019,1.75,
4/3/2019,1.75,
1/3/2019,1.75,
28/2/2019,1.75,
27/2/2019,1.75,
26/2/2019,1.75,
25/2/2019,1.75,
22/2/2019,1.75,
21/2/2019,1.75,
20/2/2019,1.75,
19/2/2019,1.75,
18/2/2019,1.75,
15/2/2019,1.75,
14/2/2019,1.75,
13/2/2019,1.75,
12/2/2019,1.75,
11/2/2019,1.75,
8/2/2019,1.75,
7/2/2019,1.75,
6/2/2019,1.75,
5/2/2019,1.75,
4/2/2019,1.75,
1/2/2019,1.75,
31/1/2019,1.75,
30/1/2019,1.75,
29/1/2019,1.75,
28/1/2019,1.75,
25/1/2019,1.75,
24/1/2019,1.75,
23/1/2019,1.75,
22/1/2019,1.75,
21/1/2019,1.75,
18/1/2019,1.75,
17/1/2019,1.75,
16/1/2019,1.75,
15/1/2019,1.75,
14/1/2019,1.75,
11/1/2019,1.75,
10/1/2019,1.75,
9/1/2019,1.75,
8/1/2019,1.75,
7/1/2019,1.75,
4/1/2019,1.75,
3/1/2019,1.75,
2/1/2019,1.75,
1/1/2019,1.75,
31/12/2018,1.75,
28/12/2018,1.75,
27/12/2018,1.75,
26/12/2018,1.75,
25/12/2018,1.75,
24/12/2018,1.75,
21/12/2018,1.75,
20/12/2018,1.75,
19/12/2018,1.75,
18/12/2018,1.75,
17/12/2018,1.75,
14/12/2018,1.75,
13/12/2018,1.75,
12/12/2018,1.75,
11/12/2018,1.75,
10/12/2018,1.75,
7/12/2018,1.75,
6/12/2018,1.75,
5/12/2018,1.75,
4/12/2018,1.75,
3/12/2018,1.75,
30/11/2018,1.75,
29/11/2018,1.75,
28/11/2018,1.75,
27/11/2018,1.75,
26/11/2018,1.75,
23/11/2018,1.75,
22/11/2018,1.75,
21/11/2018,1.75,
20/11/2018,1.75,
19/11/2018,1.75,
16/11/2018,1.75,
15/11/2018,1.75,
14/11/2018,1.75,
13/11/2018,1.75,
12/11/2018,1.75,
9/11/2018,1.75,
8/11/2018,1.75,
7/11/2018,1.75,
6/11/2018,1.75,
5/11/2018,1.75,
2/11/2018,1.75,
1/11/2018,1.75,
31/10/2018,1.75,
30/10/2018,1.75,
29/10/2018,1.75,
26/10/2018,1.75,
25/10/2018,1.75,
24/10/2018,1.75,
23/10/2018,1.5,
22/10/2018,1.5,
19/10/2018,1.5,
18/10/2018,1.5,
17/10/2018,1.5,
16/10/2018,1.5,
15/10/2018,1.5,
12/10/2018,1.5,
11/10/2018,1.5,
10/10/2018,1.5,
9/10/2018,1.5,
8/10/2018,1.5,
5/10/2018,1.5,
4/10/2018,1.5,
3/10/2018,1.5,
2/10/2018,1.5,
1/10/2018,1.5,
28/9/2018,1.5,
27/9/2018,1.5,
26/9/2018,1.5,
25/9/2018,1.5,
24/9/2018,1.5,
21/9/2018,1.5,
20/9/2018,1.5,
19/9/2018,1.5,
18/9/2018,1.5,
17/9/2018,1.5,
14/9/2018,1.5,
13/9/2018,1.5,
12/9/2018,1.5,
11/9/2018,1.5,
10/9/2018,1.5,
7/9/2018,1.5,
6/9/2018,1.5,
5/9/2018,1.5,
4/9/2018,1.5,
3/9/2018,1.5,
31/8/2018,1.5,
30/8/2018,1.5,
29/8/2018,1.5,
28/8/2018,1.5,
27/8/2018,1.5,
24/8/2018,1.5,
23/8/2018,1.5,
22/8/2018,1.5,
21/8/2018,1.5,
20/8/2018,1.5,
17/8/2018,1.5,
16/8/2018,1.5,
15/8/2018,1.5,
14/8/2018,1.5,
13/8/2018,1.5,
10/8/2018,1.5,
9/8/2018,1.5,
8/8/2018,1.5,
7/8/2018,1.5,
6/8/2018,1.5,
3/8/2018,1.5,
2/8/2018,1.5,
1/8/2018,1.5,
31/7/2018,1.5,
30/7/2018,1.5,
27/7/2018,1.5,
26/7/2018,1.5,
25/7/2018,1.5,
24/7/2018,1.5,
23/7/2018,1.5,
20/7/2018,1.5,
19/7/2018,1.5,
18/7/2018,1.5,
17/7/2018,1.5,
16/7/2018,1.5,
13/7/2018,1.5,
12/7/2018,1.5,
11/7/2018,1.5,
10/7/2018,1.25,
9/7/2018,1.25,
6/7/2018,1.25,
5/7/2018,1.25,
4/7/2018,1.25,
3/7/2018,1.25,
2/7/2018,1.25,
29/6/2018,1.25,
28/6/2018,1.25,
27/6/2018,1.25,
26/6/2018,1.25,
25/6/2018,1.25,
22/6/2018,1.25,
21/6/2018,1.25,
20/6/2018,1.25,
19/6/2018,1.25,
18/6/2018,1.25,
15/6/2018,1.25,
14/6/2018,1.25,
13/6/2018,1.25,
12/6/2018,1.25,
11/6/2018,1.25,
8/6/2018,1.25,
7/6/2018,1.25,
6/6/2018,1.25,
5/6/2018,1.25,
4/6/2018,1.25,
1/6/2018,1.25,
31/5/2018,1.25,
30/5/2018,1.25,
29/5/2018,1.25,
28/5/2018,1.25,
25/5/2018,1.25,
24/5/2018,1.25,
23/5/2018,1.25,
22/5/2018,1.25,
21/5/2018,1.25,
18/5/2018,1.25,
17/5/2018,1.25,
16/5/2018,1.25,
15/5/2018,1.25,
14/5/2018,1.25,
11/5/2018,1.25,
10/5/2018,1.25,
9/5/2018,1.25,
8/5/2018,1.25,
7/5/2018,1.25,
4/5/2018,1.25,
3/5/2018,1.25,
2/5/2018,1.25,
1/5/2018,1.25,
30/4/2018,1.25,
27/4/2018,1.25,
26/4/2018,1.25,
25/4/2018,1.25,
24/4/2018,1.25,
23/4/2018,1.25,
20/4/2018,1.25,
19/4/2018,1.25,
18/4/2018,1.25,
17/4/2018,1.25,
16/4/2018,1.25,
13/4/2018,1.25,
12/4/2018,1.25,
11/4/2018,1.25,
10/4/2018,1.25,
9/4/2018,1.25,
6/4/2018,1.25,
5/4/2018,1.25,
4/4/2018,1.25,
3/4/2018,1.25,
2/4/2018,1.25,
30/3/2018,1.25,
29/3/2018,1.25,
28/3/2018,1.25,
27/3/2018,1.25,
26/3/2018,1.25,
23/3/2018,1.25,
22/3/2018,1.25,
21/3/2018,1.25,
20/3/2018,1.25,
19/3/2018,1.25,
16/3/2018,1.25,
15/3/2018,1.25,
14/3/2018,1.25,
13/3/2018,1.25,
12/3/2018,1.25,
9/3/2018,1.25,
8/3/2018,1.25,
7/3/2018,1.25,
6/3/2018,1.25,
5/3/2018,1.25,
2/3/2018,1.25,
1/3/2018,1.25,
28/2/2018,1.25,
27/2/2018,1.25,
26/2/2018,1.25,
23/2/2018,1.25,
22/2/2018,1.25,
21/2/2018,1.25,
20/2/2018,1.25,
19/2/2018,1.25,
16/2/2018,1.25,
15/2/2018,1.25,
14/2/2018,1.25,
13/2/2018,1.25,
12/2/2018,1.25,
9/2/2018,1.25,
8/2/2018,1.25,
7/2/2018,1.25,
6/2/2018,1.25,
5/2/2018,1.25,
2/2/2018,1.25,
1/2/2018,1.25,
31/1/2018,1.25,
30/1/2018,1.25,
29/1/2018,1.25,
26/1/2018,1.25,
25/1/2018,1.25,
24/1/2018,1.25,
23/1/2018,1.25,
22/1/2018,1.25,
19/1/2018,1.25,
18/1/2018,1.25,
17/1/2018,1.25,
16/1/2018,1,
15/1/2018,1,
12/1/2018,1,
11/1/2018,1,
10/1/2018,1,
9/1/2018,1,
8/1/2018,1,
5/1/2018,1,
4/1/2018,1,
3/1/2018,1,
2/1/2018,1,
1/1/2018,1,
29/12/2017,1,
28/12/2017,1,
27/12/2017,1,
26/12/2017,1,
25/12/2017,1,
22/12/2017,1,
21/12/2017,1,
20/12/2017,1,
19/12/2017,1,
18/12/2017,1,
15/12/2017,1,
14/12/2017,1,
13/12/2017,1,
12/12/2017,1,
11/12/2017,1,
8/12/2017,1,
7/12/2017,1,
6/12/2017,1,
5/12/2017,1,
4/12/2017,1,
1/12/2017,1,
30/11/2017,1,
29/11/2017,1,
28/11/2017,1,
27/11/2017,1,
24/11/2017,1,
23/11/2017,1,
22/11/2017,1,
21/11/2017,1,
20/11/2017,1,
17/11/2017,1,
16/11/2017,1,
15/11/2017,1,
14/11/2017,1,
13/11/2017,1,
10/11/2017,1,
9/11/2017,1,
8/11/2017,1,
7/11/2017,1,
6/11/2017,1,
3/11/2017,1,
2/11/2017,1,
1/11/2017,1,
31/10/2017,1,
30/10/2017,1,
27/10/2017,1,
26/10/2017,1,
25/10/2017,1,
24/10/2017,1,
23/10/2017,1,
20/10/2017,1,
19/10/2017,1,
18/10/2017,1,
17/10/2017,1,
16/10/2017,1,
13/10/2017,1,
12/10/2017,1,
11/10/2017,1,
10/10/2017,1,
9/10/2017,1,
6/10/2017,1,
5/10/2017,1,
4/10/2017,1,
3/10/2017,1,
2/10/2017,1,
29/9/2017,1,
28/9/2017,1,
27/9/2017,1,
26/9/2017,1,
25/9/2017,1,
22/9/2017,1,
21/9/2017,1,
20/9/2017,1,
19/9/2017,1,
18/9/2017,1,
15/9/2017,1,
14/9/2017,1,
13/9/2017,1,
12/9/2017,1,
11/9/2017,1,
8/9/2017,1,
7/9/2017,1,
6/9/2017,1,
5/9/2017,0.75,
4/9/2017,0.75,
1/9/2017,0.75,
31/8/2017,0.75,
30/8/2017,0.75,
29/8/2017,0.75,
28/8/2017,0.75,
25/8/2017,0.75,
24/8/2017,0.75,
23/8/2017,0.75,
22/8/2017,0.75,
21/8/2017,0.75,
18/8/2017,0.75,
17/8/2017,0.75,
16/8/2017,0.75,
15/8/2017,0.75,
14/8/2017,0.75,
11/8/2017,0.75,
10/8/2017,0.75,
9/8/2017,0.75,
8/8/2017,0.75,
7/8/2017,0.75,
4/8/2017,0.75,
3/8/2017,0.75,
2/8/2017,0.75,
1/8/2017,0.75,
31/7/2017,0.75,
28/7/2017,0.75,
27/7/2017,0.75,
26/7/2017,0.75,
25/7/2017,0.75,
24/7/2017,0.75,
21/7/2017,0.75,
20/7/2017,0.75,
19/7/2017,0.75,
18/7/2017,0.75,
17/7/2017,0.75,
14/7/2017,0.75,
13/7/2017,0.75,
12/7/2017,0.75,
11/7/2017,0.5,
10/7/2017,0.5,
7/7/2017,0.5,
6/7/2017,0.5,
5/7/2017,0.5,
4/7/2017,0.5,
3/7/2017,0.5,
30/6/2017,0.5,
29/6/2017,0.5,
28/6/2017,0.5,
27/6/2017,0.5,
26/6/2017,0.5,
23/6/2017,0.5,
22/6/2017,0.5,
21/6/2017,0.5,
20/6/2017,0.5,
19/6/2017,0.5,
16/6/2017,0.5,
15/6/2017,0.5,
14/6/2017,0.5,
13/6/2017,0.5,
12/6/2017,0.5,
9/6/2017,0.5,
8/6/2017,0.5,
7/6/2017,0.5,
6/6/2017,0.5,
5/6/2017,0.5,
2/6/2017,0.5,
1/6/2017,0.5,
31/5/2017,0.5,
30/5/2017,0.5,
29/5/2017,0.5,
26/5/2017,0.5,
25/5/2017,0.5,
24/5/2017,0.5,
23/5/2017,0.5,
22/5/2017,0.5,
19/5/2017,0.5,
18/5/2017,0.5,
17/5/2017,0.5,
16/5/2017,0.5,
15/5/2017,0.5,
12/5/2017,0.5,
11/5/2017,0.5,
10/5/2017,0.5,
9/5/2017,0.5,
8/5/2017,0.5,
5/5/2017,0.5,
4/5/2017,0.5,
3/5/2017,0.5,
2/5/2017,0.5,
1/5/2017,0.5,
28/4/2017,0.5,
27/4/2017,0.5,
26/4/2017,0.5,
25/4/2017,0.5,
24/4/2017,0.5,
21/4/2017,0.5,
20/4/2017,0.5,
19/4/2017,0.5,
18/4/2017,0.5,
17/4/2017,0.5,
14/4/2017,0.5,
13/4/2017,0.5,
12/4/2017,0.5,
11/4/2017,0.5,
10/4/2017,0.5,
7/4/2017,0.5,
6/4/2017,0.5,
5/4/2017,0.5,
4/4/2017,0.5,
3/4/2017,0.5,
31/3/2017,0.5,
30/3/2017,0.5,
29/3/2017,0.5,
28/3/2017,0.5,
27/3/2017,0.5,
24/3/2017,0.5,
23/3/2017,0.5,
22/3/2017,0.5,
21/3/2017,0.5,
20/3/2017,0.5,
17/3/2017,0.5,
16/3/2017,0.5,
15/3/2017,0.5,
14/3/2017,0.5,
13/3/2017,0.5,
10/3/2017,0.5,
9/3/2017,0.5,
8/3/2017,0.5,
7/3/2017,0.5,
6/3/2017,0.5,
3/3/2017,0.5,
2/3/2017,0.5,
1/3/2017,0.5,
28/2/2017,0.5,
27/2/2017,0.5,
24/2/2017,0.5,
23/2/2017,0.5,
22/2/2017,0.5,
21/2/2017,0.5,
20/2/2017,0.5,
17/2/2017,0.5,
16/2/2017,0.5,
15/2/2017,0.5,
14/2/2017,0.5,
13/2/2017,0.5,
10/2/2017,0.5,
9/2/2017,0.5,
8/2/2017,0.5,
7/2/2017,0.5,
6/2/2017,0.5,
3/2/2017,0.5,
2/2/2017,0.5,
1/2/2017,0.5,
31/1/2017,0.5,
30/1/2017,0.5,
27/1/2017,0.5,
26/1/2017,0.5,
25/1/2017,0.5,
24/1/2017,0.5,
23/1/2017,0.5,
20/1/2017,0.5,
19/1/2017,0.5,
18/1/2017,0.5,
17/1/2017,0.5,
16/1/2017,0.5,
13/1/2017,0.5,
12/1/2017,0.5,
11/1/2017,0.5,
10/1/2017,0.5,
9/1/2017,0.5,
6/1/2017,0.5,
5/1/2017,0.5,
4/1/2017,0.5,
3/1/2017,0.5,
2/1/2017,0.5,
30/12/2016,0.5,
29/12/2016,0.5,
28/12/2016,0.5,
27/12/2016,0.5,
26/12/2016,0.5,
23/12/2016,0.5,
22/12/2016,0.5,
21/12/2016,0.5,
20/12/2016,0.5,
19/12/2016,0.5,
16/12/2016,0.5,
15/12/2016,0.5,
14/12/2016,0.5,
13/12/2016,0.5,
12/12/2016,0.5,
9/12/2016,0.5,
8/12/2016,0.5,
7/12/2016,0.5,
6/12/2016,0.5,
5/12/2016,0.5,
2/12/2016,0.5,
1/12/2016,0.5,
30/11/2016,0.5,
29/11/2016,0.5,
28/11/2016,0.5,
25/11/2016,0.5,
24/11/2016,0.5,
23/11/2016,0.5,
22/11/2016,0.5,
21/11/2016,0.5,
18/11/2016,0.5,
17/11/2016,0.5,
16/11/2016,0.5,
15/11/2016,0.5,
14/11/2016,0.5,
11/11/2016,0.5,
10/11/2016,0.5,
9/11/2016,0.5,
8/11/2016,0.5,
7/11/2016,0.5,
4/11/2016,0.5,
3/11/2016,0.5,
2/11/2016,0.5,
1/11/2016,0.5,
31/10/2016,0.5,
28/10/2016,0.5,
27/10/2016,0.5,
26/10/2016,0.5,
25/10/2016,0.5,
24/10/2016,0.5,
21/10/2016,0.5,
20/10/2016,0.5,
19/10/2016,0.5,
18/10/2016,0.5,
17/10/2016,0.5,
14/10/2016,0.5,
13/10/2016,0.5,
12/10/2016,0.5,
11/10/2016,0.5,
10/10/2016,0.5,
7/10/2016,0.5,
6/10/2016,0.5,
5/10/2016,0.5,
4/10/2016,0.5,
3/10/2016,0.5,
30/9/2016,0.5,
29/9/2016,0.5,
28/9/2016,0.5,
27/9/2016,0.5,
26/9/2016,0.5,
23/9/2016,0.5,
22/9/2016,0.5,
21/9/2016,0.5,
20/9/2016,0.5,
19/9/2016,0.5,
16/9/2016,0.5,
15/9/2016,0.5,
14/9/2016,0.5,
13/9/2016,0.5,
12/9/2016,0.5,
9/9/2016,0.5,
8/9/2016,0.5,
7/9/2016,0.5,
6/9/2016,0.5,
5/9/2016,0.5,
2/9/2016,0.5,
1/9/2016,0.5,
31/8/2016,0.5,
30/8/2016,0.5,
29/8/2016,0.5,
26/8/2016,0.5,
25/8/2016,0.5,
24/8/2016,0.5,
23/8/2016,0.5,
22/8/2016,0.5,
19/8/2016,0.5,
18/8/2016,0.5,
17/8/2016,0.5,
16/8/2016,0.5,
15/8/2016,0.5,
12/8/2016,0.5,
11/8/2016,0.5,
10/8/2016,0.5,
9/8/2016,0.5,
8/8/2016,0.5,
5/8/2016,0.5,
4/8/2016,0.5,
3/8/2016,0.5,
2/8/2016,0.5,
1/8/2016,0.5,
29/7/2016,0.5,
28/7/2016,0.5,
27/7/2016,0.5,
26/7/2016,0.5,
25/7/2016,0.5,
22/7/2016,0.5,
21/7/2016,0.5,
20/7/2016,0.5,
19/7/2016,0.5,
18/7/2016,0.5,
15/7/2016,0.5,
14/7/2016,0.5,
13/7/2016,0.5,
12/7/2016,0.5,
11/7/2016,0.5,
8/7/2016,0.5,
7/7/2016,0.5,
6/7/2016,0.5,
5/7/2016,0.5,
4/7/2016,0.5,
1/7/2016,0.5,
30/6/2016,0.5,
29/6/2016,0.5,
28/6/2016,0.5,
27/6/2016,0.5,
24/6/2016,0.5,
23/6/2016,0.5,
22/6/2016,0.5,
21/6/2016,0.5,
20/6/2016,0.5,
17/6/2016,0.5,
16/6/2016,0.5,
15/6/2016,0.5,
14/6/2016,0.5,
13/6/2016,0.5,
10/6/2016,0.5,
9/6/2016,0.5,
8/6/2016,0.5,
7/6/2016,0.5,
6/6/2016,0.5,
3/6/2016,0.5,
2/6/2016,0.5,
1/6/2016,0.5,
31/5/2016,0.5,
30/5/2016,0.5,
27/5/2016,0.5,
26/5/2016,0.5,
25/5/2016,0.5,
24/5/2016,0.5,
23/5/2016,0.5,
20/5/2016,0.5,
19/5/2016,0.5,
18/5/2016,0.5,
17/5/2016,0.5,
16/5/2016,0.5,
13/5/2016,0.5,
12/5/2016,0.5,
11/5/2016,0.5,
10/5/2016,0.5,
9/5/2016,0.5,
6/5/2016,0.5,
5/5/2016,0.5,
4/5/2016,0.5,
3/5/2016,0.5,
2/5/2016,0.5,
29/4/2016,0.5,
28/4/2016,0.5,
27/4/2016,0.5,
26/4/2016,0.5,
25/4/2016,0.5,
22/4/2016,0.5,
21/4/2016,0.5,
20/4/2016,0.5,
19/4/2016,0.5,
18/4/2016,0.5,
15/4/2016,0.5,
14/4/2016,0.5,
13/4/2016,0.5,
12/4/2016,0.5,
11/4/2016,0.5,
8/4/2016,0.5,
7/4/2016,0.5,
6/4/2016,0.5,
5/4/2016,0.5,
4/4/2016,0.5,
1/4/2016,0.5,
31/3/2016,0.5,
30/3/2016,0.5,
29/3/2016,0.5,
28/3/2016,0.5,
25/3/2016,0.5,
24/3/2016,0.5,
23/3/2016,0.5,
22/3/2016,0.5,
21/3/2016,0.5,
18/3/2016,0.5,
17/3/2016,0.5,
16/3/2016,0.5,
15/3/2016,0.5,
14/3/2016,0.5,
11/3/2016,0.5,
10/3/2016,0.5,
9/3/2016,0.5,
8/3/2016,0.5,
7/3/2016,0.5,
4/3/2016,0.5,
3/3/2016,0.5,
2/3/2016,0.5,
1/3/2016,0.5,
29/2/2016,0.5,
26/2/2016,0.5,
25/2/2016,0.5,
24/2/2016,0.5,
23/2/2016,0.5,
22/2/2016,0.5,
19/2/2016,0.5,
18/2/2016,0.5,
17/2/2016,0.5,
16/2/2016,0.5,
15/2/2016,0.5,
12/2/2016,0.5,
11/2/2016,0.5,
10/2/2016,0.5,
9/2/2016,0.5,
8/2/2016,0.5,
5/2/2016,0.5,
4/2/2016,0.5,
3/2/2016,0.5,
2/2/2016,0.5,
1/2/2016,0.5,
29/1/2016,0.5,
28/1/2016,0.5,
27/1/2016,0.5,
26/1/2016,0.5,
25/1/2016,0.5,
22/1/2016,0.5,
21/1/2016,0.5,
20/1/2016,0.5,
19/1/2016,0.5,
18/1/2016,0.5,
15/1/2016,0.5,
14/1/2016,0.5,
13/1/2016,0.5,
12/1/2016,0.5,
11/1/2016,0.5,
8/1/2016,0.5,
7/1/2016,0.5,
6/1/2016,0.5,
5/1/2016,0.5,
4/1/2016,0.5,
1/1/2016,0.5,
31/12/2015,0.5,
30/12/2015,0.5,
29/12/2015,0.5,
28/12/2015,0.5,
25/12/2015,0.5,
24/12/2015,0.5,
23/12/2015,0.5,
22/12/2015,0.5,
21/12/2015,0.5,
18/12/2015,0.5,
17/12/2015,0.5,
16/12/2015,0.5,
15/12/2015,0.5,
14/12/2015,0.5,
11/12/2015,0.5,
10/12/2015,0.5,
9/12/2015,0.5,
8/12/2015,0.5,
7/12/2015,0.5,
4/12/2015,0.5,
3/12/2015,0.5,
2/12/2015,0.5,
1/12/2015,0.5,
30/11/2015,0.5,
27/11/2015,0.5,
26/11/2015,0.5,
25/11/2015,0.5,
24/11/2015,0.5,
23/11/2015,0.5,
20/11/2015,0.5,
19/11/2015,0.5,
18/11/2015,0.5,
17/11/2015,0.5,
16/11/2015,0.5,
13/11/2015,0.5,
12/11/2015,0.5,
11/11/2015,0.5,
10/11/2015,0.5,
9/11/2015,0.5,
6/11/2015,0.5,
5/11/2015,0.5,
4/11/2015,0.5,
3/11/2015,0.5,
2/11/2015,0.5,
30/10/2015,0.5,
29/10/2015,0.5,
28/10/2015,0.5,
27/10/2015,0.5,
26/10/2015,0.5,
23/10/2015,0.5,
22/10/2015,0.5,
21/10/2015,0.5,
20/10/2015,0.5,
19/10/2015,0.5,
16/10/2015,0.5,
15/10/2015,0.5,
14/10/2015,0.5,
13/10/2015,0.5,
12/10/2015,0.5,
9/10/2015,0.5,
8/10/2015,0.5,
7/10/2015,0.5,
6/10/2015,0.5,
5/10/2015,0.5,
2/10/2015,0.5,
1/10/2015,0.5,
30/9/2015,0.5,
29/9/2015,0.5,
28/9/2015,0.5,
25/9/2015,0.5,
24/9/2015,0.5,
23/9/2015,0.5,
22/9/2015,0.5,
21/9/2015,0.5,
18/9/2015,0.5,
17/9/2015,0.5,
16/9/2015,0.5,
15/9/2015,0.5,
14/9/2015,0.5,
11/9/2015,0.5,
10/9/2015,0.5,
9/9/2015,0.5,
8/9/2015,0.5,
7/9/2015,0.5,
4/9/2015,0.5,
3/9/2015,0.5,
2/9/2015,0.5,
1/9/2015,0.5,
31/8/2015,0.5,
28/8/2015,0.5,
27/8/2015,0.5,
26/8/2015,0.5,
25/8/2015,0.5,
24/8/2015,0.5,
21/8/2015,0.5,
20/8/2015,0.5,
19/8/2015,0.5,
18/8/2015,0.5,
17/8/2015,0.5,
14/8/2015,0.5,
13/8/2015,0.5,
12/8/2015,0.5,
11/8/2015,0.5,
10/8/2015,0.5,
7/8/2015,0.5,
6/8/2015,0.5,
5/8/2015,0.5,
4/8/2015,0.5,
3/8/2015,0.5,
31/7/2015,0.5,
30/7/2015,0.5,
29/7/2015,0.5,
28/7/2015,0.5,
27/7/2015,0.5,
24/7/2015,0.5,
23/7/2015,0.5,
22/7/2015,0.5,
21/7/2015,0.5,
20/7/2015,0.5,
17/7/2015,0.5,
16/7/2015,0.5,
15/7/2015,0.5,
14/7/2015,0.75,
13/7/2015,0.75,
10/7/2015,0.75,
9/7/2015,0.75,
8/7/2015,0.75,
7/7/2015,0.75,
6/7/2015,0.75,
3/7/2015,0.75,
2/7/2015,0.75,
1/7/2015,0.75,
30/6/2015,0.75,
29/6/2015,0.75,
26/6/2015,0.75,
25/6/2015,0.75,
24/6/2015,0.75,
23/6/2015,0.75,
22/6/2015,0.75,
19/6/2015,0.75,
18/6/2015,0.75,
17/6/2015,0.75,
16/6/2015,0.75,
15/6/2015,0.75,
12/6/2015,0.75,
11/6/2015,0.75,
10/6/2015,0.75,
9/6/2015,0.75,
8/6/2015,0.75,
5/6/2015,0.75,
4/6/2015,0.75,
3/6/2015,0.75,
2/6/2015,0.75,
1/6/2015,0.75,
29/5/2015,0.75,
28/5/2015,0.75,
27/5/2015,0.75,
26/5/2015,0.75,
25/5/2015,0.75,
22/5/2015,0.75,
21/5/2015,0.75,
20/5/2015,0.75,
19/5/2015,0.75,
18/5/2015,0.75,
15/5/2015,0.75,
14/5/2015,0.75,
13/5/2015,0.75,
12/5/2015,0.75,
11/5/2015,0.75,
8/5/2015,0.75,
7/5/2015,0.75,
6/5/2015,0.75,
5/5/2015,0.75,
4/5/2015,0.75,
1/5/2015,0.75,
30/4/2015,0.75,
29/4/2015,0.75,
28/4/2015,0.75,
27/4/2015,0.75,
24/4/2015,0.75,
23/4/2015,0.75,
22/4/2015,0.75,
21/4/2015,0.75,
20/4/2015,0.75,
17/4/2015,0.75,
16/4/2015,0.75,
15/4/2015,0.75,
14/4/2015,0.75,
13/4/2015,0.75,
10/4/2015,0.75,
9/4/2015,0.75,
8/4/2015,0.75,
7/4/2015,0.75,
6/4/2015,0.75,
3/4/2015,0.75,
2/4/2015,0.75,
1/4/2015,0.75,
31/3/2015,0.75,
30/3/2015,0.75,
27/3/2015,0.75,
26/3/2015,0.75,
25/3/2015,0.75,
24/3/2015,0.75,
23/3/2015,0.75,
20/3/2015,0.75,
19/3/2015,0.75,
18/3/2015,0.75,
17/3/2015,0.75,
16/3/2015,0.75,
13/3/2015,0.75,
12/3/2015,0.75,
11/3/2015,0.75,
10/3/2015,0.75,
9/3/2015,0.75,
6/3/2015,0.75,
5/3/2015,0.75,
4/3/2015,0.75,
3/3/2015,0.75,
2/3/2015,0.75,
27/2/2015,0.75,
26/2/2015,0.75,
25/2/2015,0.75,
24/2/2015,0.75,
23/2/2015,0.75,
20/2/2015,0.75,
19/2/2015,0.75,
18/2/2015,0.75,
17/2/2015,0.75,
16/2/2015,0.75,
13/2/2015,0.75,
12/2/2015,0.75,
11/2/2015,0.75,
10/2/2015,0.75,
9/2/2015,0.75,
6/2/2015,0.75,
5/2/2015,0.75,
4/2/2015,0.75,
3/2/2015,0.75,
2/2/2015,0.75,
30/1/2015,0.75,
29/1/2015,0.75,
28/1/2015,0.75,
27/1/2015,0.75,
26/1/2015,0.75,
23/1/2015,0.75,
22/1/2015,0.75,
21/1/2015,0.75,
20/1/2015,1,
19/1/2015,1,
16/1/2015,1,
15/1/2015,1,
14/1/2015,1,
13/1/2015,1,
12/1/2015,1,
9/1/2015,1,
8/1/2015,1,
7/1/2015,1,
6/1/2015,1,
5/1/2015,1,
2/1/2015,1,
1/1/2015,1,
31/12/2014,1,
30/12/2014,1,
29/12/2014,1,
26/12/2014,1,
25/12/2014,1,
24/12/2014,1,
23/12/2014,1,
22/12/2014,1,
19/12/2014,1,
18/12/2014,1,
17/12/2014,1,
16/12/2014,1,
15/12/2014,1,
12/12/2014,1,
11/12/2014,1,
10/12/2014,1,
9/12/2014,1,
8/12/2014,1,
5/12/2014,1,
4/12/2014,1,
3/12/2014,1,
2/12/2014,1,
1/12/2014,1,
28/11/2014,1,
27/11/2014,1,
26/11/2014,1,
25/11/2014,1,
24/11/2014,1,
21/11/2014,1,
20/11/2014,1,
19/11/2014,1,
18/11/2014,1,
17/11/2014,1,
14/11/2014,1,
13/11/2014,1,
12/11/2014,1,
11/11/2014,1,
10/11/2014,1,
7/11/2014,1,
6/11/2014,1,
5/11/2014,1,
4/11/2014,1,
3/11/2014,1,
31/10/2014,1,
30/10/2014,1,
29/10/2014,1,
28/10/2014,1,
27/10/2014,1,
24/10/2014,1,
23/10/2014,1,
22/10/2014,1,
21/10/2014,1,
20/10/2014,1,
17/10/2014,1,
16/10/2014,1,
15/10/2014,1,
14/10/2014,1,
13/10/2014,1,
10/10/2014,1,
9/10/2014,1,
8/10/2014,1,
7/10/2014,1,
6/10/2014,1,
3/10/2014,1,
2/10/2014,1,
1/10/2014,1,
30/9/2014,1,
29/9/2014,1,
26/9/2014,1,
25/9/2014,1,
24/9/2014,1,
23/9/2014,1,
22/9/2014,1,
19/9/2014,1,
18/9/2014,1,
17/9/2014,1,
16/9/2014,1,
15/9/2014,1,
12/9/2014,1,
11/9/2014,1,
10/9/2014,1,
9/9/2014,1,
8/9/2014,1,
5/9/2014,1,
4/9/2014,1,
3/9/2014,1,
2/9/2014,1,
1/9/2014,1,
29/8/2014,1,
28/8/2014,1,
27/8/2014,1,
26/8/2014,1,
25/8/2014,1,
22/8/2014,1,
21/8/2014,1,
20/8/2014,1,
19/8/2014,1,
18/8/2014,1,
15/8/2014,1,
14/8/2014,1,
13/8/2014,1,
12/8/2014,1,
11/8/2014,1,
8/8/2014,1,
7/8/2014,1,
6/8/2014,1,
5/8/2014,1,
4/8/2014,1,
1/8/2014,1,
31/7/2014,1,
30/7/2014,1,
29/7/2014,1,
28/7/2014,1,
25/7/2014,1,
24/7/2014,1,
23/7/2014,1,
22/7/2014,1,
21/7/2014,1,
18/7/2014,1,
17/7/2014,1,
16/7/2014,1,
15/7/2014,1,
14/7/2014,1,
11/7/2014,1,
10/7/2014,1,
9/7/2014,1,
8/7/2014,1,
7/7/2014,1,
4/7/2014,1,
3/7/2014,1,
2/7/2014,1,
1/7/2014,1,
30/6/2014,1,
27/6/2014,1,
26/6/2014,1,
25/6/2014,1,
24/6/2014,1,
23/6/2014,1,
20/6/2014,1,
19/6/2014,1,
18/6/2014,1,
17/6/2014,1,
16/6/2014,1,
13/6/2014,1,
12/6/2014,1,
11/6/2014,1,
10/6/2014,1,
9/6/2014,1,
6/6/2014,1,
5/6/2014,1,
4/6/2014,1,
3/6/2014,1,
2/6/2014,1,
30/5/2014,1,
29/5/2014,1,
28/5/2014,1,
27/5/2014,1,
26/5/2014,1,
23/5/2014,1,
22/5/2014,1,
21/5/2014,1,
20/5/2014,1,
19/5/2014,1,
16/5/2014,1,
15/5/2014,1,
14/5/2014,1,
13/5/2014,1,
12/5/2014,1,
9/5/2014,1,
8/5/2014,1,
7/5/2014,1,
6/5/2014,1,
5/5/2014,1,
2/5/2014,1,
1/5/2014,1,
30/4/2014,1,
29/4/2014,1,
28/4/2014,1,
25/4/2014,1,
24/4/2014,1,
23/4/2014,1,
22/4/2014,1,
21/4/2014,1,
18/4/2014,1,
17/4/2014,1,
16/4/2014,1,
15/4/2014,1,
14/4/2014,1,
11/4/2014,1,
10/4/2014,1,
9/4/2014,1,
8/4/2014,1,
7/4/2014,1,
4/4/2014,1,
3/4/2014,1,
2/4/2014,1,
1/4/2014,1,
31/3/2014,1,
28/3/2014,1,
27/3/2014,1,
26/3/2014,1,
25/3/2014,1,
24/3/2014,1,
21/3/2014,1,
20/3/2014,1,
19/3/2014,1,
18/3/2014,1,
17/3/2014,1,
14/3/2014,1,
13/3/2014,1,
12/3/2014,1,
11/3/2014,1,
10/3/2014,1,
7/3/2014,1,
6/3/2014,1,
5/3/2014,1,
4/3/2014,1,
3/3/2014,1,
28/2/2014,1,
27/2/2014,1,
26/2/2014,1,
25/2/2014,1,
24/2/2014,1,
21/2/2014,1,
20/2/2014,1,
19/2/2014,1,
18/2/2014,1,
17/2/2014,1,
14/2/2014,1,
13/2/2014,1,
12/2/2014,1,
11/2/2014,1,
10/2/2014,1,
7/2/2014,1,
6/2/2014,1,
5/2/2014,1,
4/2/2014,1,
3/2/2014,1,
31/1/2014,1,
30/1/2014,1,
29/1/2014,1,
28/1/2014,1,
27/1/2014,1,
24/1/2014,1,
23/1/2014,1,
22/1/2014,1,
21/1/2014,1,
20/1/2014,1,
17/1/2014,1,
16/1/2014,1,
15/1/2014,1,
14/1/2014,1,
13/1/2014,1,
10/1/2014,1,
9/1/2014,1,
8/1/2014,1,
7/1/2014,1,
6/1/2014,1,
3/1/2014,1,
2/1/2014,1,
1/1/2014,1,
31/12/2013,1,
30/12/2013,1,
27/12/2013,1,
26/12/2013,1,
25/12/2013,1,
24/12/2013,1,
23/12/2013,1,
20/12/2013,1,
19/12/2013,1,
18/12/2013,1,
17/12/2013,1,
16/12/2013,1,
13/12/2013,1,
12/12/2013,1,
11/12/2013,1,
10/12/2013,1,
9/12/2013,1,
6/12/2013,1,
5/12/2013,1,
4/12/2013,1,
3/12/2013,1,
2/12/2013,1,
29/11/2013,1,
28/11/2013,1,
27/11/2013,1,
26/11/2013,1,
25/11/2013,1,
22/11/2013,1,
21/11/2013,1,
20/11/2013,1,
19/11/2013,1,
18/11/2013,1,
15/11/2013,1,
14/11/2013,1,
13/11/2013,1,
12/11/2013,1,
11/11/2013,1,
8/11/2013,1,
7/11/2013,1,
6/11/2013,1,
5/11/2013,1,
4/11/2013,1,
1/11/2013,1,
31/10/2013,1,
30/10/2013,1,
29/10/2013,1,
28/10/2013,1,
25/10/2013,1,
24/10/2013,1,
23/10/2013,1,
22/10/2013,1,
21/10/2013,1,
18/10/2013,1,
17/10/2013,1,
16/10/2013,1,
15/10/2013,1,
14/10/2013,1,
11/10/2013,1,
10/10/2013,1,
9/10/2013,1,
8/10/2013,1,
7/10/2013,1,
4/10/2013,1,
3/10/2013,1,
2/10/2013,1,
1/10/2013,1,
30/9/2013,1,
27/9/2013,1,
26/9/2013,1,
25/9/2013,1,
24/9/2013,1,
23/9/2013,1,
20/9/2013,1,
19/9/2013,1,
18/9/2013,1,
17/9/2013,1,
16/9/2013,1,
13/9/2013,1,
12/9/2013,1,
11/9/2013,1,
10/9/2013,1,
9/9/2013,1,
6/9/2013,1,
5/9/2013,1,
4/9/2013,1,
3/9/2013,1,
2/9/2013,1,
30/8/2013,1,
29/8/2013,1,
28/8/2013,1,
27/8/2013,1,
26/8/2013,1,
23/8/2013,1,
22/8/2013,1,
21/8/2013,1,
20/8/2013,1,
19/8/2013,1,
16/8/2013,1,
15/8/2013,1,
14/8/2013,1,
13/8/2013,1,
12/8/2013,1,
9/8/2013,1,
8/8/2013,1,
7/8/2013,1,
6/8/2013,1,
5/8/2013,1,
2/8/2013,1,
1/8/2013,1,
31/7/2013,1,
30/7/2013,1,
29/7/2013,1,
26/7/2013,1,
25/7/2013,1,
24/7/2013,1,
23/7/2013,1,
22/7/2013,1,
19/7/2013,1,
18/7/2013,1,
17/7/2013,1,
16/7/2013,1,
15/7/2013,1,
12/7/2013,1,
11/7/2013,1,
10/7/2013,1,
9/7/2013,1,
8/7/2013,1,
5/7/2013,1,
4/7/2013,1,
3/7/2013,1,
2/7/2013,1,
1/7/2013,1,
28/6/2013,1,
27/6/2013,1,
26/6/2013,1,
25/6/2013,1,
24/6/2013,1,
21/6/2013,1,
20/6/2013,1,
19/6/2013,1,
18/6/2013,1,
17/6/2013,1,
14/6/2013,1,
13/6/2013,1,
12/6/2013,1,
11/6/2013,1,
10/6/2013,1,
7/6/2013,1,
6/6/2013,1,
5/6/2013,1,
4/6/2013,1,
3/6/2013,1,
31/5/2013,1,
30/5/2013,1,
29/5/2013,1,
28/5/2013,1,
27/5/2013,1,
24/5/2013,1,
23/5/2013,1,
22/5/2013,1,
21/5/2013,1,
20/5/2013,1,
17/5/2013,1,
16/5/2013,1,
15/5/2013,1,
14/5/2013,1,
13/5/2013,1,
10/5/2013,1,
9/5/2013,1,
8/5/2013,1,
7/5/2013,1,
6/5/2013,1,
3/5/2013,1,
2/5/2013,1,
1/5/2013,1,
30/4/2013,1,
29/4/2013,1,
26/4/2013,1,
25/4/2013,1,
24/4/2013,1,
23/4/2013,1,
22/4/2013,1,
19/4/2013,1,
18/4/2013,1,
17/4/2013,1,
16/4/2013,1,
15/4/2013,1,
12/4/2013,1,
11/4/2013,1,
10/4/2013,1,
9/4/2013,1,
8/4/2013,1,
5/4/2013,1,
4/4/2013,1,
3/4/2013,1,
2/4/2013,1,
1/4/2013,1,
29/3/2013,1,
28/3/2013,1,
27/3/2013,1,
26/3/2013,1,
25/3/2013,1,
22/3/2013,1,
21/3/2013,1,
20/3/2013,1,
19/3/2013,1,
18/3/2013,1,
15/3/2013,1,
14/3/2013,1,
13/3/2013,1,
12/3/2013,1,
11/3/2013,1,
8/3/2013,1,
7/3/2013,1,
6/3/2013,1,
5/3/2013,1,
4/3/2013,1,
1/3/2013,1,
28/2/2013,1,
27/2/2013,1,
26/2/2013,1,
25/2/2013,1,
22/2/2013,1,
21/2/2013,1,
20/2/2013,1,
19/2/2013,1,
18/2/2013,1,
15/2/2013,1,
14/2/2013,1,
13/2/2013,1,
12/2/2013,1,
11/2/2013,1,
8/2/2013,1,
7/2/2013,1,
6/2/2013,1,
5/2/2013,1,
4/2/2013,1,
1/2/2013,1,
31/1/2013,1,
30/1/2013,1,
29/1/2013,1,
28/1/2013,1,
25/1/2013,1,
24/1/2013,1,
23/1/2013,1,
22/1/2013,1,
21/1/2013,1,
18/1/2013,1,
17/1/2013,1,
16/1/2013,1,
15/1/2013,1,
14/1/2013,1,
11/1/2013,1,
10/1/2013,1,
9/1/2013,1,
8/1/2013,1,
7/1/2013,1,
4/1/2013,1,
3/1/2013,1,
2/1/2013,1,
1/1/2013,1,
31/12/2012,1,
28/12/2012,1,
27/12/2012,1,
26/12/2012,1,
25/12/2012,1,
24/12/2012,1,
21/12/2012,1,
20/12/2012,1,
19/12/2012,1,
18/12/2012,1,
17/12/2012,1,
14/12/2012,1,
13/12/2012,1,
12/12/2012,1,
11/12/2012,1,
10/12/2012,1,
7/12/2012,1,
6/12/2012,1,
5/12/2012,1,
4/12/2012,1,
3/12/2012,1,
30/11/2012,1,
29/11/2012,1,
28/11/2012,1,
27/11/2012,1,
26/11/2012,1,
23/11/2012,1,
22/11/2012,1,
21/11/2012,1,
20/11/2012,1,
19/11/2012,1,
16/11/2012,1,
15/11/2012,1,
14/11/2012,1,
13/11/2012,1,
12/11/2012,1,
9/11/2012,1,
8/11/2012,1,
7/11/2012,1,
6/11/2012,1,
5/11/2012,1,
2/11/2012,1,
1/11/2012,1,
31/10/2012,1,
30/10/2012,1,
29/10/2012,1,
26/10/2012,1,
25/10/2012,1,
24/10/2012,1,
23/10/2012,1,
22/10/2012,1,
19/10/2012,1,
18/10/2012,1,
17/10/2012,1,
16/10/2012,1,
15/10/2012,1,
12/10/2012,1,
11/10/2012,1,
10/10/2012,1,
9/10/2012,1,
8/10/2012,1,
5/10/2012,1,
4/10/2012,1,
3/10/2012,1,
2/10/2012,1,
1/10/2012,1,
28/9/2012,1,
27/9/2012,1,
26/9/2012,1,
25/9/2012,1,
24/9/2012,1,
21/9/2012,1,
20/9/2012,1,
19/9/2012,1,
18/9/2012,1,
17/9/2012,1,
14/9/2012,1,
13/9/2012,1,
12/9/2012,1,
11/9/2012,1,
10/9/2012,1,
7/9/2012,1,
6/9/2012,1,
5/9/2012,1,
4/9/2012,1,
3/9/2012,1,
31/8/2012,1,
30/8/2012,1,
29/8/2012,1,
28/8/2012,1,
27/8/2012,1,
24/8/2012,1,
23/8/2012,1,
22/8/2012,1,
21/8/2012,1,
20/8/2012,1,
17/8/2012,1,
16/8/2012,1,
15/8/2012,1,
14/8/2012,1,
13/8/2012,1,
10/8/2012,1,
9/8/2012,1,
8/8/2012,1,
7/8/2012,1,
6/8/2012,1,
3/8/2012,1,
2/8/2012,1,
1/8/2012,1,
31/7/2012,1,
30/7/2012,1,
27/7/2012,1,
26/7/2012,1,
25/7/2012,1,
24/7/2012,1,
23/7/2012,1,
20/7/2012,1,
19/7/2012,1,
18/7/2012,1,
17/7/2012,1,
16/7/2012,1,
13/7/2012,1,
12/7/2012,1,
11/7/2012,1,
10/7/2012,1,
9/7/2012,1,
6/7/2012,1,
5/7/2012,1,
4/7/2012,1,
3/7/2012,1,
2/7/2012,1,
29/6/2012,1,
28/6/2012,1,
27/6/2012,1,
26/6/2012,1,
25/6/2012,1,
22/6/2012,1,
21/6/2012,1,
20/6/2012,1,
19/6/2012,1,
18/6/2012,1,
15/6/2012,1,
14/6/2012,1,
13/6/2012,1,
12/6/2012,1,
11/6/2012,1,
8/6/2012,1,
7/6/2012,1,
6/6/2012,1,
5/6/2012,1,
4/6/2012,1,
1/6/2012,1,
31/5/2012,1,
30/5/2012,1,
29/5/2012,1,
28/5/2012,1,
25/5/2012,1,
24/5/2012,1,
23/5/2012,1,
22/5/2012,1,
21/5/2012,1,
18/5/2012,1,
17/5/2012,1,
16/5/2012,1,
15/5/2012,1,
14/5/2012,1,
11/5/2012,1,
10/5/2012,1,
9/5/2012,1,
8/5/2012,1,
7/5/2012,1,
4/5/2012,1,
3/5/2012,1,
2/5/2012,1,
1/5/2012,1,
30/4/2012,1,
27/4/2012,1,
26/4/2012,1,
25/4/2012,1,
24/4/2012,1,
23/4/2012,1,
20/4/2012,1,
19/4/2012,1,
18/4/2012,1,
17/4/2012,1,
16/4/2012,1,
13/4/2012,1,
12/4/2012,1,
11/4/2012,1,
10/4/2012,1,
9/4/2012,1,
6/4/2012,1,
5/4/2012,1,
4/4/2012,1,
3/4/2012,1,
2/4/2012,1,
30/3/2012,1,
29/3/2012,1,
28/3/2012,1,
27/3/2012,1,
26/3/2012,1,
23/3/2012,1,
22/3/2012,1,
21/3/2012,1,
20/3/2012,1,
19/3/2012,1,
16/3/2012,1,
15/3/2012,1,
14/3/2012,1,
13/3/2012,1,
12/3/2012,1,
9/3/2012,1,
8/3/2012,1,
7/3/2012,1,
6/3/2012,1,
5/3/2012,1,
2/3/2012,1,
1/3/2012,1,
29/2/2012,1,
28/2/2012,1,
27/2/2012,1,
24/2/2012,1,
23/2/2012,1,
22/2/2012,1,
21/2/2012,1,
20/2/2012,1,
17/2/2012,1,
16/2/2012,1,
15/2/2012,1,
14/2/2012,1,
13/2/2012,1,
10/2/2012,1,
9/2/2012,1,
8/2/2012,1,
7/2/2012,1,
6/2/2012,1,
3/2/2012,1,
2/2/2012,1,
1/2/2012,1,
31/1/2012,1,
30/1/2012,1,
27/1/2012,1,
26/1/2012,1,
25/1/2012,1,
24/1/2012,1,
23/1/2012,1,
20/1/2012,1,
19/1/2012,1,
18/1/2012,1,
17/1/2012,1,
16/1/2012,1,
13/1/2012,1,
12/1/2012,1,
11/1/2012,1,
10/1/2012,1,
9/1/2012,1,
6/1/2012,1,
5/1/2012,1,
4/1/2012,1,
3/1/2012,1,
2/1/2012,1,
30/12/2011,1,
29/12/2011,1,
28/12/2011,1,
27/12/2011,1,
26/12/2011,1,
23/12/2011,1,
22/12/2011,1,
21/12/2011,1,
20/12/2011,1,
19/12/2011,1,
16/12/2011,1,
15/12/2011,1,
14/12/2011,1,
13/12/2011,1,
12/12/2011,1,
9/12/2011,1,
8/12/2011,1,
7/12/2011,1,
6/12/2011,1,
5/12/2011,1,
2/12/2011,1,
1/12/2011,1,
30/11/2011,1,
29/11/2011,1,
28/11/2011,1,
25/11/2011,1,
24/11/2011,1,
23/11/2011,1,
22/11/2011,1,
21/11/2011,1,
18/11/2011,1,
17/11/2011,1,
16/11/2011,1,
15/11/2011,1,
14/11/2011,1,
11/11/2011,1,
10/11/2011,1,
9/11/2011,1,
8/11/2011,1,
7/11/2011,1,
4/11/2011,1,
